dateTime,values
2023-09-06T23:15:00Z,2.751400232
2023-09-06T23:20:00Z,2.752542973
2023-09-06T23:25:00Z,2.753000021
2023-09-06T23:30:00Z,2.75425005
2023-09-06T23:35:00Z,2.746706963
2023-09-06T23:40:00Z,2.757413864
2023-09-06T23:45:00Z,2.76366663
2023-09-06T23:50:00Z,2.769971371
2023-09-06T23:55:00Z,2.773746729
2023-09-07T00:00:00Z,2.77114296
2023-09-07T00:05:00Z,2.77601099
2023-09-07T00:10:00Z,2.775046587
2023-09-07T00:15:00Z,2.772715807
2023-09-07T00:20:00Z,2.776989222
2023-09-07T00:25:00Z,2.775666714
2023-09-07T00:30:00Z,2.776077747
2023-09-07T00:35:00Z,2.772875071
2023-09-07T00:40:00Z,2.774311781
2023-09-07T00:45:00Z,2.772137403
2023-09-07T00:50:00Z,2.773999929
2023-09-07T00:55:00Z,2.770786524
2023-09-07T01:00:00Z,2.774394751
2023-09-07T01:05:00Z,2.77179122
2023-09-07T01:10:00Z,2.777164698
2023-09-07T01:15:00Z,2.776576996
2023-09-07T01:20:00Z,2.773709297
2023-09-07T01:25:00Z,2.769329309
2023-09-07T01:30:00Z,2.7769382
2023-09-07T01:35:00Z,2.774884224
2023-09-07T01:40:00Z,2.776741982
2023-09-07T01:45:00Z,2.773892641
2023-09-07T01:50:00Z,2.769527674
2023-09-07T01:55:00Z,2.772583246
2023-09-07T02:00:00Z,2.772580147
2023-09-07T02:05:00Z,2.76809001
2023-09-07T02:10:00Z,2.764333487
2023-09-07T02:15:00Z,2.769619942
2023-09-07T02:20:00Z,2.770984173
2023-09-07T02:25:00Z,2.775405645
2023-09-07T02:30:00Z,2.770808458
2023-09-07T02:35:00Z,2.766107082
2023-09-07T02:40:00Z,2.766530275
2023-09-07T02:45:00Z,2.769254446
2023-09-07T02:50:00Z,2.770494699
2023-09-07T02:55:00Z,2.768756628
2023-09-07T03:00:00Z,2.771234512
2023-09-07T03:05:00Z,2.772256851
2023-09-07T03:10:00Z,2.77480793
2023-09-07T03:15:00Z,2.775008678
2023-09-07T03:20:00Z,2.777970552
2023-09-07T03:25:00Z,2.774432182
2023-09-07T03:30:00Z,2.772759914
2023-09-07T03:35:00Z,2.778679609
2023-09-07T03:40:00Z,2.784796
2023-09-07T03:45:00Z,2.784677744
2023-09-07T03:50:00Z,2.783155203
2023-09-07T03:55:00Z,2.776546955
2023-09-07T04:00:00Z,2.78218174
2023-09-07T04:05:00Z,2.783203125
2023-09-07T04:10:00Z,2.778591394
2023-09-07T04:15:00Z,2.776923895
2023-09-07T04:20:00Z,2.781070232
2023-09-07T04:25:00Z,2.782006741
2023-09-07T04:30:00Z,2.777000666
2023-09-07T04:35:00Z,2.780189037
2023-09-07T04:40:00Z,2.787510395
2023-09-07T04:45:00Z,2.788887739
2023-09-07T04:50:00Z,2.786173582
2023-09-07T04:55:00Z,2.780028105
2023-09-07T05:00:00Z,2.779043674
2023-09-07T05:05:00Z,2.780495882
2023-09-07T05:10:00Z,2.785651445
2023-09-07T05:15:00Z,2.778604507
2023-09-07T05:20:00Z,2.77197504
2023-09-07T05:25:00Z,2.771872997
2023-09-07T05:30:00Z,2.779072285
2023-09-07T05:35:00Z,2.772510767
2023-09-07T05:40:00Z,2.772044182
2023-09-07T05:45:00Z,2.773586988
2023-09-07T05:50:00Z,2.776132822
2023-09-07T05:55:00Z,2.77325654
2023-09-07T06:00:00Z,2.778139353
2023-09-07T06:05:00Z,2.778903008
2023-09-07T06:10:00Z,2.775921583
2023-09-07T06:15:00Z,2.782288074
2023-09-07T06:20:00Z,2.785247087
2023-09-07T06:25:00Z,2.789038897
2023-09-07T06:30:00Z,2.78758359
2023-09-07T06:35:00Z,2.797670603
2023-09-07T06:40:00Z,2.788387299
2023-09-07T06:45:00Z,2.794849396
2023-09-07T06:50:00Z,2.796330214
2023-09-07T06:55:00Z,2.794817209
2023-09-07T07:00:00Z,2.798032284
2023-09-07T07:05:00Z,2.807002306
2023-09-07T07:10:00Z,2.795707226
2023-09-07T07:15:00Z,2.795138836
2023-09-07T07:20:00Z,2.798032284
2023-09-07T07:25:00Z,2.793209791
2023-09-07T07:30:00Z,2.807169676
2023-09-07T07:35:00Z,2.800925732
2023-09-07T07:40:00Z,2.804232836
2023-09-07T07:45:00Z,2.811414957
2023-09-07T07:50:00Z,2.819455624
2023-09-07T07:55:00Z,2.798032284
2023-09-07T08:00:00Z,2.81973362
2023-09-07T08:05:00Z,2.805989504
2023-09-07T08:10:00Z,2.823350668
2023-09-07T08:15:00Z,2.823350668
2023-09-07T08:20:00Z,2.810088634
2023-09-07T08:25:00Z,2.791602373
2023-09-07T08:30:00Z,2.804153204
2023-09-07T08:35:00Z,2.795965433
2023-09-07T08:40:00Z,2.803096056
2023-09-07T08:45:00Z,2.791087866
2023-09-07T08:50:00Z,2.7819314
2023-09-07T08:55:00Z,2.787607193
2023-09-07T09:00:00Z,2.786039352
2023-09-07T09:05:00Z,2.786709785
2023-09-07T09:10:00Z,2.787607193
2023-09-07T09:15:00Z,2.784799814
2023-09-07T09:20:00Z,2.785087585
2023-09-07T09:25:00Z,2.779947758
2023-09-07T09:30:00Z,2.807141542
2023-09-07T09:35:00Z,2.797228575
2023-09-07T09:40:00Z,2.798376799
2023-09-07T09:45:00Z,2.793209791
2023-09-07T09:50:00Z,2.787181616
2023-09-07T09:55:00Z,2.778742313
2023-09-07T10:00:00Z,2.796084881
2023-09-07T10:05:00Z,2.784811974
2023-09-07T10:10:00Z,2.792113781
2023-09-07T10:15:00Z,2.779224396
2023-09-07T10:20:00Z,2.786819935
2023-09-07T10:25:00Z,2.782041788
2023-09-07T10:30:00Z,2.792113781
2023-09-07T10:35:00Z,2.792702198
2023-09-07T10:40:00Z,2.776499033
2023-09-07T10:45:00Z,2.783564806
2023-09-07T10:50:00Z,2.777814865
2023-09-07T10:55:00Z,2.789238214
2023-09-07T11:00:00Z,2.781992197
2023-09-07T11:05:00Z,2.78087306
2023-09-07T11:10:00Z,2.784121275
2023-09-07T11:15:00Z,2.797284126
2023-09-07T11:20:00Z,2.790219784
2023-09-07T11:25:00Z,2.785424948
2023-09-07T11:30:00Z,2.782682657
2023-09-07T11:35:00Z,2.78824544
2023-09-07T11:40:00Z,2.784976244
2023-09-07T11:45:00Z,2.788275003
2023-09-07T11:50:00Z,2.783564806
2023-09-07T11:55:00Z,2.781756163
2023-09-07T12:00:00Z,2.778639555
2023-09-07T12:05:00Z,2.783926487
2023-09-07T12:10:00Z,2.781497955
2023-09-07T12:15:00Z,2.778604507
2023-09-07T12:20:00Z,2.779569864
2023-09-07T12:25:00Z,2.785242081
2023-09-07T12:30:00Z,2.780495882
2023-09-07T12:35:00Z,2.785803795
2023-09-07T12:40:00Z,2.785186052
2023-09-07T12:45:00Z,2.776016474
2023-09-07T12:50:00Z,2.776108265
2023-09-07T12:55:00Z,2.782549381
2023-09-07T13:00:00Z,2.780567884
2023-09-07T13:05:00Z,2.779290199
2023-09-07T13:10:00Z,2.776914358
2023-09-07T13:15:00Z,2.775782824
2023-09-07T13:20:00Z,2.777192116
2023-09-07T13:25:00Z,2.807677507
2023-09-07T13:30:00Z,2.80843091
2023-09-07T13:35:00Z,2.795138836
2023-09-07T13:40:00Z,2.793554306
2023-09-07T13:45:00Z,2.810239315
2023-09-07T13:50:00Z,2.813533306
2023-09-07T13:55:00Z,2.808521271
2023-09-07T14:00:00Z,2.8125
2023-09-07T14:05:00Z,2.798883438
2023-09-07T14:10:00Z,2.809485912
2023-09-07T14:15:00Z,2.79183197
2023-09-07T14:20:00Z,2.799065828
2023-09-07T14:25:00Z,2.786458254
2023-09-07T14:30:00Z,2.795621157
2023-09-07T14:35:00Z,2.790585756
2023-09-07T14:40:00Z,2.801649332
2023-09-07T14:45:00Z,2.78507185
2023-09-07T14:50:00Z,2.79542017
2023-09-07T14:55:00Z,2.778278589
2023-09-07T15:00:00Z,2.794327259
2023-09-07T15:05:00Z,2.777153015
2023-09-07T15:10:00Z,2.7819314
2023-09-07T15:15:00Z,2.788431168
2023-09-07T15:20:00Z,2.786301851
2023-09-07T15:25:00Z,2.783866167
2023-09-07T15:30:00Z,2.783296824
2023-09-07T15:35:00Z,2.781209469
2023-09-07T15:40:00Z,2.782600164
2023-09-07T15:45:00Z,2.775278807
2023-09-07T15:50:00Z,2.772809267
2023-09-07T15:55:00Z,2.774735212
2023-09-07T16:00:00Z,2.777045488
2023-09-07T16:05:00Z,2.768161058
2023-09-07T16:10:00Z,2.764421701
2023-09-07T16:15:00Z,2.7718606
2023-09-07T16:20:00Z,2.766899586
2023-09-07T16:25:00Z,2.76909709
2023-09-07T16:30:00Z,2.776330948
2023-09-07T16:35:00Z,2.771357775
2023-09-07T16:40:00Z,2.770317316
2023-09-07T16:45:00Z,2.776887417
2023-09-07T16:50:00Z,2.775499582
2023-09-07T16:55:00Z,2.77439642
2023-09-07T17:00:00Z,2.770195961
2023-09-07T17:05:00Z,2.7734375
2023-09-07T17:10:00Z,2.774252176
2023-09-07T17:15:00Z,2.778858423
2023-09-07T17:20:00Z,2.774133205
2023-09-07T17:25:00Z,2.767389059
2023-09-07T17:30:00Z,2.778326511
2023-09-07T17:35:00Z,2.772753
2023-09-07T17:40:00Z,2.778793573
2023-09-07T17:45:00Z,2.777510405
2023-09-07T17:50:00Z,2.777222872
2023-09-07T17:55:00Z,2.776243687
2023-09-07T18:00:00Z,2.77588439
2023-09-07T18:05:00Z,2.776526451
2023-09-07T18:10:00Z,2.776925564
2023-09-07T18:15:00Z,2.77471137
2023-09-07T18:20:00Z,2.784053564
2023-09-07T18:25:00Z,2.778914452
2023-09-07T18:30:00Z,2.785901785
2023-09-07T18:35:00Z,2.774209023
2023-09-07T18:40:00Z,2.777270317
2023-09-07T18:45:00Z,2.767138004
2023-09-07T18:50:00Z,2.767517328
2023-09-07T18:55:00Z,2.771077871
2023-09-07T19:00:00Z,2.765873432
2023-09-07T19:05:00Z,2.763671875
2023-09-07T19:10:00Z,2.768768311
2023-09-07T19:15:00Z,2.767874479
2023-09-07T19:20:00Z,2.76504612
2023-09-07T19:25:00Z,2.762216091
2023-09-07T19:30:00Z,2.763470888
2023-09-07T19:35:00Z,2.759574175
2023-09-07T19:40:00Z,2.761863232
2023-09-07T19:45:00Z,2.760416508
2023-09-07T19:50:00Z,2.759380102
2023-09-07T19:55:00Z,2.764024019
2023-09-07T20:00:00Z,2.755533695
2023-09-07T20:05:00Z,2.762667179
2023-09-07T20:10:00Z,2.756283045
2023-09-07T20:15:00Z,2.758532047
2023-09-07T20:20:00Z,2.7562778
2023-09-07T20:25:00Z,2.760331392
2023-09-07T20:30:00Z,2.760054827
2023-09-07T20:35:00Z,2.761772871
2023-09-07T20:40:00Z,2.762395144
2023-09-07T20:45:00Z,2.762058735
2023-09-07T20:50:00Z,2.755200624
2023-09-07T20:55:00Z,2.757305145
2023-09-07T21:00:00Z,2.760843277
2023-09-07T21:05:00Z,2.762434483
2023-09-07T21:10:00Z,2.761101961
2023-09-07T21:15:00Z,2.75780797
2023-09-07T21:20:00Z,2.760320187
2023-09-07T21:25:00Z,2.763493538
2023-09-07T21:30:00Z,2.757896423
2023-09-07T21:35:00Z,2.753334045
2023-09-07T21:40:00Z,2.755456209
2023-09-07T21:45:00Z,2.760620117
2023-09-07T21:50:00Z,2.763276815
2023-09-07T21:55:00Z,2.756544352
2023-09-07T22:00:00Z,2.752179384
2023-09-07T22:05:00Z,2.753122568
2023-09-07T22:10:00Z,2.751362562
2023-09-07T22:15:00Z,2.750139713
2023-09-07T22:20:00Z,2.747395754
2023-09-07T22:25:00Z,2.752254248
2023-09-07T22:30:00Z,2.753377438
2023-09-07T22:35:00Z,2.742228746
2023-09-07T22:40:00Z,2.742248535
2023-09-07T22:45:00Z,2.754155159
2023-09-07T22:50:00Z,2.747122765
2023-09-07T22:55:00Z,2.751456738
2023-09-07T23:00:00Z,2.753499269
2023-09-07T23:05:00Z,2.757987976
2023-09-07T23:10:00Z,2.750069141
2023-09-07T23:15:00Z,2.747546434
2023-09-07T23:20:00Z,2.743394136
2023-09-07T23:25:00Z,2.738459826
2023-09-07T23:30:00Z,2.73419404
2023-09-07T23:35:00Z,2.732566357
2023-09-07T23:40:00Z,2.736545086
2023-09-07T23:45:00Z,2.742778301
2023-09-07T23:50:00Z,2.735490084
2023-09-07T23:55:00Z,2.737348795
2023-09-08T00:00:00Z,2.732051373
2023-09-08T00:05:00Z,2.737969875
2023-09-08T00:10:00Z,2.733399868
2023-09-08T00:15:00Z,2.731693029
2023-09-08T00:20:00Z,2.734788179
2023-09-08T00:25:00Z,2.735188723
2023-09-08T00:30:00Z,2.731662273
2023-09-08T00:35:00Z,2.732249975
2023-09-08T00:40:00Z,2.736757755
2023-09-08T00:45:00Z,2.734692574
2023-09-08T00:50:00Z,2.734226465
2023-09-08T00:55:00Z,2.733986616
2023-09-08T01:00:00Z,2.734696388
2023-09-08T01:05:00Z,2.735640764
2023-09-08T01:10:00Z,2.733789206
2023-09-08T01:15:00Z,2.729311228
2023-09-08T01:20:00Z,2.729414463
2023-09-08T01:25:00Z,2.731481314
2023-09-08T01:30:00Z,2.730587721
2023-09-08T01:35:00Z,2.731550217
2023-09-08T01:40:00Z,2.728961229
2023-09-08T01:45:00Z,2.728763103
2023-09-08T01:50:00Z,2.72614646
2023-09-08T01:55:00Z,2.729311228
2023-09-08T02:00:00Z,2.729311228
2023-09-08T02:05:00Z,2.732077122
2023-09-08T02:10:00Z,2.732445955
2023-09-08T02:15:00Z,2.729070187
2023-09-08T02:20:00Z,2.729227066
2023-09-08T02:25:00Z,2.729435921
2023-09-08T02:30:00Z,2.728794575
2023-09-08T02:35:00Z,2.72912097
2023-09-08T02:40:00Z,2.729311228
2023-09-08T02:45:00Z,2.729311228
2023-09-08T02:50:00Z,2.729311228
2023-09-08T02:55:00Z,2.729311228
2023-09-08T03:00:00Z,2.729311228
2023-09-08T03:05:00Z,2.732686996
2023-09-08T03:10:00Z,2.733585835
2023-09-08T03:15:00Z,2.732249975
2023-09-08T03:20:00Z,2.729311228
2023-09-08T03:25:00Z,2.729311228
2023-09-08T03:30:00Z,2.732249975
2023-09-08T03:35:00Z,2.734843016
2023-09-08T03:40:00Z,2.738750458
2023-09-08T03:45:00Z,2.737240553
2023-09-08T03:50:00Z,2.741430998
2023-09-08T03:55:00Z,2.745448112
2023-09-08T04:00:00Z,2.747649431
2023-09-08T04:05:00Z,2.746738195
2023-09-08T04:10:00Z,2.754279613
2023-09-08T04:15:00Z,2.752333164
2023-09-08T04:20:00Z,2.750610828
2023-09-08T04:25:00Z,2.756076336
2023-09-08T04:30:00Z,2.751414537
2023-09-08T04:35:00Z,2.748621702
2023-09-08T04:40:00Z,2.75689888
2023-09-08T04:45:00Z,2.756113291
2023-09-08T04:50:00Z,2.758188963
2023-09-08T04:55:00Z,2.755208254
2023-09-08T05:00:00Z,2.75625968
2023-09-08T05:05:00Z,2.759522915
2023-09-08T05:10:00Z,2.761955976
2023-09-08T05:15:00Z,2.762595892
2023-09-08T05:20:00Z,2.764721155
2023-09-08T05:25:00Z,2.760416508
2023-09-08T05:30:00Z,2.763370275
2023-09-08T05:35:00Z,2.756097317
2023-09-08T05:40:00Z,2.758575201
2023-09-08T05:45:00Z,2.762742996
2023-09-08T05:50:00Z,2.752944946
2023-09-08T05:55:00Z,2.757106781
2023-09-08T06:00:00Z,2.758884668
2023-09-08T06:05:00Z,2.738835812
2023-09-08T06:10:00Z,2.746080399
2023-09-08T06:15:00Z,2.740652323
2023-09-08T06:20:00Z,2.753403425
2023-09-08T06:25:00Z,2.752927542
2023-09-08T06:30:00Z,2.740047216
2023-09-08T06:35:00Z,2.737432241
2023-09-08T06:40:00Z,2.733211756
2023-09-08T06:45:00Z,2.741539717
2023-09-08T06:50:00Z,2.736742258
2023-09-08T06:55:00Z,2.739048958
2023-09-08T07:00:00Z,2.738715172
2023-09-08T07:05:00Z,2.736277103
2023-09-08T07:10:00Z,2.739273548
2023-09-08T07:15:00Z,2.744984388
2023-09-08T07:20:00Z,2.742209196
2023-09-08T07:25:00Z,2.745615005
2023-09-08T07:30:00Z,2.754833221
2023-09-08T07:35:00Z,2.752218246
2023-09-08T07:40:00Z,2.761059523
2023-09-08T07:45:00Z,2.744168282
2023-09-08T07:50:00Z,2.738935947
2023-09-08T07:55:00Z,2.768121719
2023-09-08T08:00:00Z,2.775328159
2023-09-08T08:05:00Z,2.774945736
2023-09-08T08:10:00Z,2.775994539
2023-09-08T08:15:00Z,2.774601221
2023-09-08T08:20:00Z,2.775969267
2023-09-08T08:25:00Z,2.774305344
2023-09-08T08:30:00Z,2.774612904
2023-09-08T08:35:00Z,2.775878906
2023-09-08T08:40:00Z,2.776330948
2023-09-08T08:45:00Z,2.779767036
2023-09-08T08:50:00Z,2.778679609
2023-09-08T08:55:00Z,2.775108337
2023-09-08T09:00:00Z,2.775309801
2023-09-08T09:05:00Z,2.768348694
2023-09-08T09:10:00Z,2.772871256
2023-09-08T09:15:00Z,2.771368265
2023-09-08T09:20:00Z,2.771661043
2023-09-08T09:25:00Z,2.775125265
2023-09-08T09:30:00Z,2.774774313
2023-09-08T09:35:00Z,2.768439531
2023-09-08T09:40:00Z,2.777246714
2023-09-08T09:45:00Z,2.774480343
2023-09-08T09:50:00Z,2.779144049
2023-09-08T09:55:00Z,2.778090477
2023-09-08T10:00:00Z,2.777453423
2023-09-08T10:05:00Z,2.785435438
2023-09-08T10:10:00Z,2.78115344
2023-09-08T10:15:00Z,2.780365229
2023-09-08T10:20:00Z,2.783926487
2023-09-08T10:25:00Z,2.778742313
2023-09-08T10:30:00Z,2.7884233
2023-09-08T10:35:00Z,2.778632641
2023-09-08T10:40:00Z,2.780425549
2023-09-08T10:45:00Z,2.778829813
2023-09-08T10:50:00Z,2.779763937
2023-09-08T10:55:00Z,2.785595179
2023-09-08T11:00:00Z,2.778228283
2023-09-08T11:05:00Z,2.782149315
2023-09-08T11:10:00Z,2.783162832
2023-09-08T11:15:00Z,2.78291893
2023-09-08T11:20:00Z,2.783935785
2023-09-08T11:25:00Z,2.787104607
2023-09-08T11:30:00Z,2.775002241
2023-09-08T11:35:00Z,2.788951635
2023-09-08T11:40:00Z,2.78702426
2023-09-08T11:45:00Z,2.783211946
2023-09-08T11:50:00Z,2.78195715
2023-09-08T11:55:00Z,2.775410175
2023-09-08T12:00:00Z,2.777415991
2023-09-08T12:05:00Z,2.778974056
2023-09-08T12:10:00Z,2.786021471
2023-09-08T12:15:00Z,2.790544748
2023-09-08T12:20:00Z,2.785266876
2023-09-08T12:25:00Z,2.791602373
2023-09-08T12:30:00Z,2.781539202
2023-09-08T12:35:00Z,2.783243179
2023-09-08T12:40:00Z,2.786326647
2023-09-08T12:45:00Z,2.78243947
2023-09-08T12:50:00Z,2.790798426
2023-09-08T12:55:00Z,2.789129257
2023-09-08T13:00:00Z,2.805668116
2023-09-08T13:05:00Z,2.797128201
2023-09-08T13:10:00Z,2.812844515
2023-09-08T13:15:00Z,2.78257823
2023-09-08T13:20:00Z,2.787181616
2023-09-08T13:25:00Z,2.799979925
2023-09-08T13:30:00Z,2.791031837
2023-09-08T13:35:00Z,2.785674572
2023-09-08T13:40:00Z,2.78749156
2023-09-08T13:45:00Z,2.792746067
2023-09-08T13:50:00Z,2.795190573
2023-09-08T13:55:00Z,2.792607069
2023-09-08T14:00:00Z,2.794508219
2023-09-08T14:05:00Z,2.780411482
2023-09-08T14:10:00Z,2.781497955
2023-09-08T14:15:00Z,2.784579992
2023-09-08T14:20:00Z,2.777751923
2023-09-08T14:25:00Z,2.785753965
2023-09-08T14:30:00Z,2.777596951
2023-09-08T14:35:00Z,2.77756834
2023-09-08T14:40:00Z,2.775435925
2023-09-08T14:45:00Z,2.777045488
2023-09-08T14:50:00Z,2.770848513
2023-09-08T14:55:00Z,2.77581954
2023-09-08T15:00:00Z,2.766816854
2023-09-08T15:05:00Z,2.770274639
2023-09-08T15:10:00Z,2.771885157
2023-09-08T15:15:00Z,2.772986174
2023-09-08T15:20:00Z,2.771675587
2023-09-08T15:25:00Z,2.765882015
2023-09-08T15:30:00Z,2.769303799
2023-09-08T15:35:00Z,2.764134407
2023-09-08T15:40:00Z,2.766997099
2023-09-08T15:45:00Z,2.764100552
2023-09-08T15:50:00Z,2.766871452
2023-09-08T15:55:00Z,2.768929005
2023-09-08T16:00:00Z,2.757076263
2023-09-08T16:05:00Z,2.750310898
2023-09-08T16:10:00Z,2.741678715
2023-09-08T16:15:00Z,2.747649431
2023-09-08T16:20:00Z,2.748953819
2023-09-08T16:25:00Z,2.743424177
2023-09-08T16:30:00Z,2.746208191
2023-09-08T16:35:00Z,2.745968103
2023-09-08T16:40:00Z,2.741409063
2023-09-08T16:45:00Z,2.740923405
2023-09-08T16:50:00Z,2.74160862
2023-09-08T16:55:00Z,2.749003172
2023-09-08T17:00:00Z,2.744600773
2023-09-08T17:05:00Z,2.740729332
2023-09-08T17:10:00Z,2.738790035
2023-09-08T17:15:00Z,2.737464666
2023-09-08T17:20:00Z,2.737183332
2023-09-08T17:25:00Z,2.741233587
2023-09-08T17:30:00Z,2.734875679
2023-09-08T17:35:00Z,2.737449169
2023-09-08T17:40:00Z,2.735723019
2023-09-08T17:45:00Z,2.734053373
2023-09-08T17:50:00Z,2.737190962
2023-09-08T17:55:00Z,2.729385138
2023-09-08T18:00:00Z,2.729468584
2023-09-08T18:05:00Z,2.73003459
2023-09-08T18:10:00Z,2.731481314
2023-09-08T18:15:00Z,2.729311228
2023-09-08T18:20:00Z,2.731270313
2023-09-08T18:25:00Z,2.732051373
2023-09-08T18:30:00Z,2.737488508
2023-09-08T18:35:00Z,2.733789206
2023-09-08T18:40:00Z,2.729391575
2023-09-08T18:45:00Z,2.729234219
2023-09-08T18:50:00Z,2.72207737
2023-09-08T18:55:00Z,2.718138933
2023-09-08T19:00:00Z,2.718705654
2023-09-08T19:05:00Z,2.716652155
2023-09-08T19:10:00Z,2.723037004
2023-09-08T19:15:00Z,2.727258444
2023-09-08T19:20:00Z,2.723178148
2023-09-08T19:25:00Z,2.724247456
2023-09-08T19:30:00Z,2.720550299
2023-09-08T19:35:00Z,2.723234892
2023-09-08T19:40:00Z,2.718761921
2023-09-08T19:45:00Z,2.723566771
2023-09-08T19:50:00Z,2.715145111
2023-09-08T19:55:00Z,2.716176271
2023-09-08T20:00:00Z,2.726779461
2023-09-08T20:05:00Z,2.714018822
2023-09-08T20:10:00Z,2.721613646
2023-09-08T20:15:00Z,2.72756505
2023-09-08T20:20:00Z,2.736009121
2023-09-08T20:25:00Z,2.737449169
2023-09-08T20:30:00Z,2.752422571
2023-09-08T20:35:00Z,2.749039888
2023-09-08T20:40:00Z,2.745801926
2023-09-08T20:45:00Z,2.744722366
2023-09-08T20:50:00Z,2.744128942
2023-09-08T20:55:00Z,2.743510962
2023-09-08T21:00:00Z,2.740587473
2023-09-08T21:05:00Z,2.750822306
2023-09-08T21:10:00Z,2.738688469
2023-09-08T21:15:00Z,2.732801199
2023-09-08T21:20:00Z,2.744595528
2023-09-08T21:25:00Z,2.734292984
2023-09-08T21:30:00Z,2.743717432
2023-09-08T21:35:00Z,2.735188723
2023-09-08T21:40:00Z,2.734200001
2023-09-08T21:45:00Z,2.73867321
2023-09-08T21:50:00Z,2.735723495
2023-09-08T21:55:00Z,2.736127377
2023-09-08T22:00:00Z,2.742150068
2023-09-08T22:05:00Z,2.741750002
2023-09-08T22:10:00Z,2.73719573
2023-09-08T22:15:00Z,2.738733292
2023-09-08T22:20:00Z,2.741849899
2023-09-08T22:25:00Z,2.760858536
2023-09-08T22:30:00Z,2.788049698
2023-09-08T22:35:00Z,2.788237333
2023-09-08T22:40:00Z,2.779426575
2023-09-08T22:45:00Z,2.773865938
2023-09-08T22:50:00Z,2.771569252
2023-09-08T22:55:00Z,2.775457859
2023-09-08T23:00:00Z,2.772787809
2023-09-08T23:05:00Z,2.771146774
2023-09-08T23:10:00Z,2.768321991
2023-09-08T23:15:00Z,2.766685963
2023-09-08T23:20:00Z,2.769712687
2023-09-08T23:25:00Z,2.765221834
2023-09-08T23:30:00Z,2.767255783
2023-09-08T23:35:00Z,2.759982586
2023-09-08T23:40:00Z,2.765833139
2023-09-08T23:45:00Z,2.760933399
2023-09-08T23:50:00Z,2.753334045
2023-09-08T23:55:00Z,2.76128006
2023-09-09T00:00:00Z,2.753437996
2023-09-09T00:05:00Z,2.758129835
2023-09-09T00:10:00Z,2.759741306
2023-09-09T00:15:00Z,2.75976944
2023-09-09T00:20:00Z,2.757436752
2023-09-09T00:25:00Z,2.759881496
2023-09-09T00:30:00Z,2.751664877
2023-09-09T00:35:00Z,2.758479834
2023-09-09T00:40:00Z,2.761260509
2023-09-09T00:45:00Z,2.765727997
2023-09-09T00:50:00Z,2.764600515
2023-09-09T00:55:00Z,2.762708902
2023-09-09T01:00:00Z,2.763363123
2023-09-09T01:05:00Z,2.762944221
2023-09-09T01:10:00Z,2.758307695
2023-09-09T01:15:00Z,2.759337187
2023-09-09T01:20:00Z,2.756735563
2023-09-09T01:25:00Z,2.753286123
2023-09-09T01:30:00Z,2.763051033
2023-09-09T01:35:00Z,2.763772249
2023-09-09T01:40:00Z,2.764441013
2023-09-09T01:45:00Z,2.76418519
2023-09-09T01:50:00Z,2.75985384
2023-09-09T01:55:00Z,2.760548115
2023-09-09T02:00:00Z,2.764218569
2023-09-09T02:05:00Z,2.763121367
2023-09-09T02:10:00Z,2.755081654
2023-09-09T02:15:00Z,2.754300833
2023-09-09T02:20:00Z,2.756331682
2023-09-09T02:25:00Z,2.755818605
2023-09-09T02:30:00Z,2.756644011
2023-09-09T02:35:00Z,2.752820969
2023-09-09T02:40:00Z,2.756743908
2023-09-09T02:45:00Z,2.756055832
2023-09-09T02:50:00Z,2.755310297
2023-09-09T02:55:00Z,2.757166147
2023-09-09T03:00:00Z,2.761608124
2023-09-09T03:05:00Z,2.765122414
2023-09-09T03:10:00Z,2.766685963
2023-09-09T03:15:00Z,2.768888474
2023-09-09T03:20:00Z,2.772714138
2023-09-09T03:25:00Z,2.773254395
2023-09-09T03:30:00Z,2.774169207
2023-09-09T03:35:00Z,2.773723364
2023-09-09T03:40:00Z,2.778225422
2023-09-09T03:45:00Z,2.773258924
2023-09-09T03:50:00Z,2.774834394
2023-09-09T03:55:00Z,2.772175312
2023-09-09T04:00:00Z,2.771579266
2023-09-09T04:05:00Z,2.771176815
2023-09-09T04:10:00Z,2.765882015
2023-09-09T04:15:00Z,2.768561363
2023-09-09T04:20:00Z,2.771047831
2023-09-09T04:25:00Z,2.768534422
2023-09-09T04:30:00Z,2.762620449
2023-09-09T04:35:00Z,2.762373924
2023-09-09T04:40:00Z,2.7670784
2023-09-09T04:45:00Z,2.766314983
2023-09-09T04:50:00Z,2.765444517
2023-09-09T04:55:00Z,2.769672632
2023-09-09T05:00:00Z,2.76489687
2023-09-09T05:05:00Z,2.766123295
2023-09-09T05:10:00Z,2.76797843
2023-09-09T05:15:00Z,2.766871452
2023-09-09T05:20:00Z,2.781067371
2023-09-09T05:25:00Z,2.779454708
2023-09-09T05:30:00Z,2.811053276
2023-09-09T05:35:00Z,2.817021132
2023-09-09T05:40:00Z,2.808882952
2023-09-09T05:45:00Z,2.804301739
2023-09-09T05:50:00Z,2.814107418
2023-09-09T05:55:00Z,2.82633853
2023-09-09T06:00:00Z,2.805782795
2023-09-09T06:05:00Z,2.82180047
2023-09-09T06:10:00Z,2.829550982
2023-09-09T06:15:00Z,2.821456194
2023-09-09T06:20:00Z,2.82769084
2023-09-09T06:25:00Z,2.826967478
2023-09-09T06:30:00Z,2.826967478
2023-09-09T06:35:00Z,2.826244116
2023-09-09T06:40:00Z,2.826450825
2023-09-09T06:45:00Z,2.826244116
2023-09-09T06:50:00Z,2.826967478
2023-09-09T06:55:00Z,2.840229511
2023-09-09T07:00:00Z,2.826967478
2023-09-09T07:05:00Z,2.827484131
2023-09-09T07:10:00Z,2.842640638
2023-09-09T07:15:00Z,2.825761795
2023-09-09T07:20:00Z,2.841435194
2023-09-09T07:25:00Z,2.843501806
2023-09-09T07:30:00Z,2.840401649
2023-09-09T07:35:00Z,2.827625036
2023-09-09T07:40:00Z,2.82769084
2023-09-09T07:45:00Z,2.82769084
2023-09-09T07:50:00Z,2.834201336
2023-09-09T07:55:00Z,2.836914063
2023-09-09T08:00:00Z,2.825159073
2023-09-09T08:05:00Z,2.853491545
2023-09-09T08:10:00Z,2.844413757
2023-09-09T08:15:00Z,2.836371422
2023-09-09T08:20:00Z,2.823350668
2023-09-09T08:25:00Z,2.836371422
2023-09-09T08:30:00Z,2.818700314
2023-09-09T08:35:00Z,2.82769084
2023-09-09T08:40:00Z,2.81973362
2023-09-09T08:45:00Z,2.828173161
2023-09-09T08:50:00Z,2.829137564
2023-09-09T08:55:00Z,2.830584526
2023-09-09T09:00:00Z,2.827484131
2023-09-09T09:05:00Z,2.828173161
2023-09-09T09:10:00Z,2.820698261
2023-09-09T09:15:00Z,2.826244116
2023-09-09T09:20:00Z,2.825761795
2023-09-09T09:25:00Z,2.826967478
2023-09-09T09:30:00Z,2.817201853
2023-09-09T09:35:00Z,2.805801868
2023-09-09T09:40:00Z,2.813533306
2023-09-09T09:45:00Z,2.798529387
2023-09-09T09:50:00Z,2.810166597
2023-09-09T09:55:00Z,2.795276642
2023-09-09T10:00:00Z,2.801649332
2023-09-09T10:05:00Z,2.814429045
2023-09-09T10:10:00Z,2.813464403
2023-09-09T10:15:00Z,2.792665243
2023-09-09T10:20:00Z,2.794086695
2023-09-09T10:25:00Z,2.791763067
2023-09-09T10:30:00Z,2.787602186
2023-09-09T10:35:00Z,2.790269136
2023-09-09T10:40:00Z,2.790316343
2023-09-09T10:45:00Z,2.779396057
2023-09-09T10:50:00Z,2.781368732
2023-09-09T10:55:00Z,2.782216072
2023-09-09T11:00:00Z,2.784405947
2023-09-09T11:05:00Z,2.785304546
2023-09-09T11:10:00Z,2.781873703
2023-09-09T11:15:00Z,2.779055357
2023-09-09T11:20:00Z,2.78152442
2023-09-09T11:25:00Z,2.778371334
2023-09-09T11:30:00Z,2.77828598
2023-09-09T11:35:00Z,2.778070688
2023-09-09T11:40:00Z,2.775964737
2023-09-09T11:45:00Z,2.774544716
2023-09-09T11:50:00Z,2.775641918
2023-09-09T11:55:00Z,2.780688524
2023-09-09T12:00:00Z,2.772408962
2023-09-09T12:05:00Z,2.7742033
2023-09-09T12:10:00Z,2.774942636
2023-09-09T12:15:00Z,2.771645308
2023-09-09T12:20:00Z,2.771016359
2023-09-09T12:25:00Z,2.769408226
2023-09-09T12:30:00Z,2.772295237
2023-09-09T12:35:00Z,2.775069237
2023-09-09T12:40:00Z,2.77079916
2023-09-09T12:45:00Z,2.765033245
2023-09-09T12:50:00Z,2.769778013
2023-09-09T12:55:00Z,2.770766497
2023-09-09T13:00:00Z,2.791082144
2023-09-09T13:05:00Z,2.775588989
2023-09-09T13:10:00Z,2.779418468
2023-09-09T13:15:00Z,2.776887417
2023-09-09T13:20:00Z,2.775831938
2023-09-09T13:25:00Z,2.769845486
2023-09-09T13:30:00Z,2.777038574
2023-09-09T13:35:00Z,2.771669149
2023-09-09T13:40:00Z,2.770497322
2023-09-09T13:45:00Z,2.773267269
2023-09-09T13:50:00Z,2.76766634
2023-09-09T13:55:00Z,2.772117138
2023-09-09T14:00:00Z,2.772576571
2023-09-09T14:05:00Z,2.769494534
2023-09-09T14:10:00Z,2.772236347
2023-09-09T14:15:00Z,2.776728392
2023-09-09T14:20:00Z,2.775348663
2023-09-09T14:25:00Z,2.773011923
2023-09-09T14:30:00Z,2.778139353
2023-09-09T14:35:00Z,2.766452551
2023-09-09T14:40:00Z,2.764143467
2023-09-09T14:45:00Z,2.765711069
2023-09-09T14:50:00Z,2.758060932
2023-09-09T14:55:00Z,2.761514664
2023-09-09T15:00:00Z,2.761555433
2023-09-09T15:05:00Z,2.759565592
2023-09-09T15:10:00Z,2.761863232
2023-09-09T15:15:00Z,2.770067453
2023-09-09T15:20:00Z,2.763139963
2023-09-09T15:25:00Z,2.758832932
2023-09-09T15:30:00Z,2.761702538
2023-09-09T15:35:00Z,2.758156061
2023-09-09T15:40:00Z,2.768265724
2023-09-09T15:45:00Z,2.760930061
2023-09-09T15:50:00Z,2.761346579
2023-09-09T15:55:00Z,2.768609524
2023-09-09T16:00:00Z,2.756460905
2023-09-09T16:05:00Z,2.753805399
2023-09-09T16:10:00Z,2.752333164
2023-09-09T16:15:00Z,2.743778944
2023-09-09T16:20:00Z,2.748635769
2023-09-09T16:25:00Z,2.737061739
2023-09-09T16:30:00Z,2.738790035
2023-09-09T16:35:00Z,2.74296689
2023-09-09T16:40:00Z,2.731084108
2023-09-09T16:45:00Z,2.735821724
2023-09-09T16:50:00Z,2.729251862
2023-09-09T16:55:00Z,2.729311228
2023-09-09T17:00:00Z,2.729311228
2023-09-09T17:05:00Z,2.732445955
2023-09-09T17:10:00Z,2.733211756
2023-09-09T17:15:00Z,2.734506369
2023-09-09T17:20:00Z,2.731225967
2023-09-09T17:25:00Z,2.733914614
2023-09-09T17:30:00Z,2.739146709
2023-09-09T17:35:00Z,2.739893913
2023-09-09T17:40:00Z,2.745528936
2023-09-09T17:45:00Z,2.739596844
2023-09-09T17:50:00Z,2.742248535
2023-09-09T17:55:00Z,2.749003172
2023-09-09T18:00:00Z,2.742028713
2023-09-09T18:05:00Z,2.741722107
2023-09-09T18:10:00Z,2.742282152
2023-09-09T18:15:00Z,2.743140459
2023-09-09T18:20:00Z,2.747625351
2023-09-09T18:25:00Z,2.75779438
2023-09-09T18:30:00Z,2.761131763
2023-09-09T18:35:00Z,2.761863232
2023-09-09T18:40:00Z,2.759964466
2023-09-09T18:45:00Z,2.753405333
2023-09-09T18:50:00Z,2.752916336
2023-09-09T18:55:00Z,2.749003172
2023-09-09T19:00:00Z,2.755125046
2023-09-09T19:05:00Z,2.757373333
2023-09-09T19:10:00Z,2.74988246
2023-09-09T19:15:00Z,2.737061739
2023-09-09T19:20:00Z,2.736411095
2023-09-09T19:25:00Z,2.738738775
2023-09-09T19:30:00Z,2.74044013
2023-09-09T19:35:00Z,2.731786013
2023-09-09T19:40:00Z,2.734260559
2023-09-09T19:45:00Z,2.729311228
2023-09-09T19:50:00Z,2.72939539
2023-09-09T19:55:00Z,2.729240417
2023-09-09T20:00:00Z,2.728554249
2023-09-09T20:05:00Z,2.729311228
2023-09-09T20:10:00Z,2.729311228
2023-09-09T20:15:00Z,2.734736681
2023-09-09T20:20:00Z,2.73912859
2023-09-09T20:25:00Z,2.731842995
2023-09-09T20:30:00Z,2.731550217
2023-09-09T20:35:00Z,2.736143112
2023-09-09T20:40:00Z,2.731378078
2023-09-09T20:45:00Z,2.726332664
2023-09-09T20:50:00Z,2.731153727
2023-09-09T20:55:00Z,2.729311228
2023-09-09T21:00:00Z,2.729774952
2023-09-09T21:05:00Z,2.742147684
2023-09-09T21:10:00Z,2.737911463
2023-09-09T21:15:00Z,2.733308792
2023-09-09T21:20:00Z,2.737922907
2023-09-09T21:25:00Z,2.738715172
2023-09-09T21:30:00Z,2.746402979
2023-09-09T21:35:00Z,2.741066217
2023-09-09T21:40:00Z,2.741393328
2023-09-09T21:45:00Z,2.74160862
2023-09-09T21:50:00Z,2.745386362
2023-09-09T21:55:00Z,2.737202644
2023-09-09T22:00:00Z,2.744357586
2023-09-09T22:05:00Z,2.743508816
2023-09-09T22:10:00Z,2.7501688
2023-09-09T22:15:00Z,2.74626112
2023-09-09T22:20:00Z,2.752562761
2023-09-09T22:25:00Z,2.761761427
2023-09-09T22:30:00Z,2.769494534
2023-09-09T22:35:00Z,2.770884275
2023-09-09T22:40:00Z,2.775713444
2023-09-09T22:45:00Z,2.763121367
2023-09-09T22:50:00Z,2.760398149
2023-09-09T22:55:00Z,2.764390707
2023-09-09T23:00:00Z,2.75997138
2023-09-09T23:05:00Z,2.755519867
2023-09-09T23:10:00Z,2.755594015
2023-09-09T23:15:00Z,2.750400543
2023-09-09T23:20:00Z,2.745980501
2023-09-09T23:25:00Z,2.746792793
2023-09-09T23:30:00Z,2.7543962
2023-09-09T23:35:00Z,2.757421494
2023-09-09T23:40:00Z,2.757003069
2023-09-09T23:45:00Z,2.743547916
2023-09-09T23:50:00Z,2.749204159
2023-09-09T23:55:00Z,2.751847267
2023-09-10T00:00:00Z,2.750312567
2023-09-10T00:05:00Z,2.758391142
2023-09-10T00:10:00Z,2.748316288
2023-09-10T00:15:00Z,2.751932144
2023-09-10T00:20:00Z,2.753289938
2023-09-10T00:25:00Z,2.752108574
2023-09-10T00:30:00Z,2.749234915
2023-09-10T00:35:00Z,2.759452105
2023-09-10T00:40:00Z,2.746409416
2023-09-10T00:45:00Z,2.748653889
2023-09-10T00:50:00Z,2.746642113
2023-09-10T00:55:00Z,2.747219324
2023-09-10T01:00:00Z,2.736615896
2023-09-10T01:05:00Z,2.750867844
2023-09-10T01:10:00Z,2.746380568
2023-09-10T01:15:00Z,2.74582839
2023-09-10T01:20:00Z,2.740604877
2023-09-10T01:25:00Z,2.746270418
2023-09-10T01:30:00Z,2.73278904
2023-09-10T01:35:00Z,2.749411821
2023-09-10T01:40:00Z,2.747903347
2023-09-10T01:45:00Z,2.744765282
2023-09-10T01:50:00Z,2.753810644
2023-09-10T01:55:00Z,2.744936228
2023-09-10T02:00:00Z,2.736435413
2023-09-10T02:05:00Z,2.743140459
2023-09-10T02:10:00Z,2.73976016
2023-09-10T02:15:00Z,2.737969875
2023-09-10T02:20:00Z,2.735580444
2023-09-10T02:25:00Z,2.743907928
2023-09-10T02:30:00Z,2.742206335
2023-09-10T02:35:00Z,2.745185375
2023-09-10T02:40:00Z,2.739076853
2023-09-10T02:45:00Z,2.736970663
2023-09-10T02:50:00Z,2.73579669
2023-09-10T02:55:00Z,2.742621422
2023-09-10T03:00:00Z,2.744140625
2023-09-10T03:05:00Z,2.74962163
2023-09-10T03:10:00Z,2.754046202
2023-09-10T03:15:00Z,2.74708128
2023-09-10T03:20:00Z,2.743262053
2023-09-10T03:25:00Z,2.753643036
2023-09-10T03:30:00Z,2.766183615
2023-09-10T03:35:00Z,2.767360926
2023-09-10T03:40:00Z,2.771867514
2023-09-10T03:45:00Z,2.763732672
2023-09-10T03:50:00Z,2.765342951
2023-09-10T03:55:00Z,2.774987459
2023-09-10T04:00:00Z,2.769472837
2023-09-10T04:05:00Z,2.767453194
2023-09-10T04:10:00Z,2.774868727
2023-09-10T04:15:00Z,2.772219181
2023-09-10T04:20:00Z,2.774650335
2023-09-10T04:25:00Z,2.776711702
2023-09-10T04:30:00Z,2.776988506
2023-09-10T04:35:00Z,2.77491951
2023-09-10T04:40:00Z,2.775336266
2023-09-10T04:45:00Z,2.771216154
2023-09-10T04:50:00Z,2.775801659
2023-09-10T04:55:00Z,2.774544716
2023-09-10T05:00:00Z,2.771291733
2023-09-10T05:05:00Z,2.771749496
2023-09-10T05:10:00Z,2.784081459
2023-09-10T05:15:00Z,2.796278715
2023-09-10T05:20:00Z,2.788990021
2023-09-10T05:25:00Z,2.784942627
2023-09-10T05:30:00Z,2.792467833
2023-09-10T05:35:00Z,2.803040266
2023-09-10T05:40:00Z,2.78758359
2023-09-10T05:45:00Z,2.80074501
2023-09-10T05:50:00Z,2.795288563
2023-09-10T05:55:00Z,2.810777664
2023-09-10T06:00:00Z,2.788387299
2023-09-10T06:05:00Z,2.807526588
2023-09-10T06:10:00Z,2.808710814
2023-09-10T06:15:00Z,2.79658556
2023-09-10T06:20:00Z,2.815600157
2023-09-10T06:25:00Z,2.802964449
2023-09-10T06:30:00Z,2.8125
2023-09-10T06:35:00Z,2.805989504
2023-09-10T06:40:00Z,2.814308405
2023-09-10T06:45:00Z,2.810949802
2023-09-10T06:50:00Z,2.811595678
2023-09-10T06:55:00Z,2.820290089
2023-09-10T07:00:00Z,2.814566851
2023-09-10T07:05:00Z,2.834201336
2023-09-10T07:10:00Z,2.825444698
2023-09-10T07:15:00Z,2.814308405
2023-09-10T07:20:00Z,2.808882952
2023-09-10T07:25:00Z,2.823867321
2023-09-10T07:30:00Z,2.82407403
2023-09-10T07:35:00Z,2.826244116
2023-09-10T07:40:00Z,2.824797392
2023-09-10T07:45:00Z,2.825761795
2023-09-10T07:50:00Z,2.825159073
2023-09-10T07:55:00Z,2.836009741
2023-09-10T08:00:00Z,2.836371422
2023-09-10T08:05:00Z,2.824797392
2023-09-10T08:10:00Z,2.823350668
2023-09-10T08:15:00Z,2.839884996
2023-09-10T08:20:00Z,2.825417519
2023-09-10T08:25:00Z,2.823350668
2023-09-10T08:30:00Z,2.841991663
2023-09-10T08:35:00Z,2.845504045
2023-09-10T08:40:00Z,2.834830284
2023-09-10T08:45:00Z,2.826967478
2023-09-10T08:50:00Z,2.842378616
2023-09-10T08:55:00Z,2.835407019
2023-09-10T09:00:00Z,2.85294342
2023-09-10T09:05:00Z,2.838722467
2023-09-10T09:10:00Z,2.847556114
2023-09-10T09:15:00Z,2.833477974
2023-09-10T09:20:00Z,2.854330063
2023-09-10T09:25:00Z,2.844449282
2023-09-10T09:30:00Z,2.842123985
2023-09-10T09:35:00Z,2.834201336
2023-09-10T09:40:00Z,2.853189945
2023-09-10T09:45:00Z,2.845989704
2023-09-10T09:50:00Z,2.852587223
2023-09-10T09:55:00Z,2.852458
2023-09-10T10:00:00Z,2.858841419
2023-09-10T10:05:00Z,2.867626429
2023-09-10T10:10:00Z,2.846354008
2023-09-10T10:15:00Z,2.865547657
2023-09-10T10:20:00Z,2.856180906
2023-09-10T10:25:00Z,2.859362364
2023-09-10T10:30:00Z,2.856580973
2023-09-10T10:35:00Z,2.840350151
2023-09-10T10:40:00Z,2.848442793
2023-09-10T10:45:00Z,2.854094267
2023-09-10T10:50:00Z,2.861269712
2023-09-10T10:55:00Z,2.85146904
2023-09-10T11:00:00Z,2.855477095
2023-09-10T11:05:00Z,2.865065575
2023-09-10T11:10:00Z,2.861069679
2023-09-10T11:15:00Z,2.857536077
2023-09-10T11:20:00Z,2.860834837
2023-09-10T11:25:00Z,2.848011255
2023-09-10T11:30:00Z,2.863692999
2023-09-10T11:35:00Z,2.850370884
2023-09-10T11:40:00Z,2.846559048
2023-09-10T11:45:00Z,2.852842331
2023-09-10T11:50:00Z,2.870120764
2023-09-10T11:55:00Z,2.860875845
2023-09-10T12:00:00Z,2.855346203
2023-09-10T12:05:00Z,2.863308668
2023-09-10T12:10:00Z,2.859617233
2023-09-10T12:15:00Z,2.858072758
2023-09-10T12:20:00Z,2.861423254
2023-09-10T12:25:00Z,2.860197783
2023-09-10T12:30:00Z,2.856900454
2023-09-10T12:35:00Z,2.859617233
2023-09-10T12:40:00Z,2.866619349
2023-09-10T12:45:00Z,2.86733675
2023-09-10T12:50:00Z,2.86861062
2023-09-10T12:55:00Z,2.867205381
2023-09-10T13:00:00Z,2.860243082
2023-09-10T13:05:00Z,2.865880251
2023-09-10T13:10:00Z,2.855098963
2023-09-10T13:15:00Z,2.850839138
2023-09-10T13:20:00Z,2.850338221
2023-09-10T13:25:00Z,2.862684488
2023-09-10T13:30:00Z,2.863884926
2023-09-10T13:35:00Z,2.866619349
2023-09-10T13:40:00Z,2.859664202
2023-09-10T13:45:00Z,2.859821081
2023-09-10T13:50:00Z,2.846064806
2023-09-10T13:55:00Z,2.86313653
2023-09-10T14:00:00Z,2.855601311
2023-09-10T14:05:00Z,2.851200819
2023-09-10T14:10:00Z,2.840878725
2023-09-10T14:15:00Z,2.846038342
2023-09-10T14:20:00Z,2.855902672
2023-09-10T14:25:00Z,2.834757805
2023-09-10T14:30:00Z,2.828775883
2023-09-10T14:35:00Z,2.832995653
2023-09-10T14:40:00Z,2.829137564
2023-09-10T14:45:00Z,2.828775883
2023-09-10T14:50:00Z,2.839988232
2023-09-10T14:55:00Z,2.834201336
2023-09-10T15:00:00Z,2.826565742
2023-09-10T15:05:00Z,2.854094267
2023-09-10T15:10:00Z,2.837366104
2023-09-10T15:15:00Z,2.823350668
2023-09-10T15:20:00Z,2.828173161
2023-09-10T15:25:00Z,2.823350668
2023-09-10T15:30:00Z,2.839626789
2023-09-10T15:35:00Z,2.826967478
2023-09-10T15:40:00Z,2.826967478
2023-09-10T15:45:00Z,2.837301493
2023-09-10T15:50:00Z,2.84722209
2023-09-10T15:55:00Z,2.825761795
2023-09-10T16:00:00Z,2.832995653
2023-09-10T16:05:00Z,2.82180047
2023-09-10T16:10:00Z,2.82536006
2023-09-10T16:15:00Z,2.827871799
2023-09-10T16:20:00Z,2.837094784
2023-09-10T16:25:00Z,2.824797392
2023-09-10T16:30:00Z,2.82769084
2023-09-10T16:35:00Z,2.837094784
2023-09-10T16:40:00Z,2.817322493
2023-09-10T16:45:00Z,2.826205969
2023-09-10T16:50:00Z,2.802855015
2023-09-10T16:55:00Z,2.826967478
2023-09-10T17:00:00Z,2.819177389
2023-09-10T17:05:00Z,2.80678916
2023-09-10T17:10:00Z,2.803156376
2023-09-10T17:15:00Z,2.807526588
2023-09-10T17:20:00Z,2.798457861
2023-09-10T17:25:00Z,2.802165985
2023-09-10T17:30:00Z,2.805868864
2023-09-10T17:35:00Z,2.785373211
2023-09-10T17:40:00Z,2.807195187
2023-09-10T17:45:00Z,2.809717655
2023-09-10T17:50:00Z,2.790316343
2023-09-10T17:55:00Z,2.781810999
2023-09-10T18:00:00Z,2.798883438
2023-09-10T18:05:00Z,2.778686047
2023-09-10T18:10:00Z,2.786458254
2023-09-10T18:15:00Z,2.783275366
2023-09-10T18:20:00Z,2.784494877
2023-09-10T18:25:00Z,2.781218529
2023-09-10T18:30:00Z,2.789800882
2023-09-10T18:35:00Z,2.78241396
2023-09-10T18:40:00Z,2.776978731
2023-09-10T18:45:00Z,2.775806665
2023-09-10T18:50:00Z,2.786840439
2023-09-10T18:55:00Z,2.778803349
2023-09-10T19:00:00Z,2.778867483
2023-09-10T19:05:00Z,2.77719903
2023-09-10T19:10:00Z,2.774766922
2023-09-10T19:15:00Z,2.810088634
2023-09-10T19:20:00Z,2.813404083
2023-09-10T19:25:00Z,2.805989504
2023-09-10T19:30:00Z,2.807677507
2023-09-10T19:35:00Z,2.82425499
2023-09-10T19:40:00Z,2.810088634
2023-09-10T19:45:00Z,2.799840927
2023-09-10T19:50:00Z,2.813776493
2023-09-10T19:55:00Z,2.798835993
2023-09-10T20:00:00Z,2.795730591
2023-09-10T20:05:00Z,2.78945899
2023-09-10T20:10:00Z,2.798321724
2023-09-10T20:15:00Z,2.797630548
2023-09-10T20:20:00Z,2.80454278
2023-09-10T20:25:00Z,2.824383974
2023-09-10T20:30:00Z,2.825761795
2023-09-10T20:35:00Z,2.825159073
2023-09-10T20:40:00Z,2.807677507
2023-09-10T20:45:00Z,2.81671977
2023-09-10T20:50:00Z,2.817322493
2023-09-10T20:55:00Z,2.809365273
2023-09-10T21:00:00Z,2.810088634
2023-09-10T21:05:00Z,2.798032284
2023-09-10T21:10:00Z,2.811983347
2023-09-10T21:15:00Z,2.810949802
2023-09-10T21:20:00Z,2.817473173
